"","gender","mean","lower","upper"
"1","female",0.559363814625516,0.509824685094736,0.610147812674842
"2","male",0.454852453404152,0.408182449428253,0.504467100440252
